"species","family","frequency","severity"
"Acer campestre","Sapindaceae",1.31841,0.13881
"Acer pseudoplatanus","Sapindaceae",1.32057,0.16985
"Acer sempervirens","Sapindaceae",1.45995,0.2568
"Achillea arabica","Compositae",2.25626,0.54286
"Achillea atrata","Compositae",1.39521,0.28025
"Achillea clavennae","Compositae",0.98593,0.27516
"Achillea clypeolata","Compositae",1.86022,0.4
"Achillea distans","Compositae",1.35903,0.27207
"Achillea erba-rotta","Compositae",1.52013,0.31985
"Achillea millefolium","Compositae",1.93633,0.51128
"Achillea nana","Compositae",1.54632,0.2798
"Achillea ptarmica","Compositae",1.88365,0.50343
"Achillea setacea","Compositae",1.90066,0.50655
"Achnatherum bromoides","Poaceae",1.44456,0.24259
"Achnatherum calamagrostis","Poaceae",1.42279,0.245265
"Aconitum lycoctonum","Ranunculaceae",1.22945,0.16715
"Actaea spicata","Ranunculaceae",1.29588,0.12851
"Adenocarpus complicatus","Fabaceae",1.31488,0.1741
"Adenostyles alliariae","Compositae",1.13511,0.14583
"Aegilops biuncialis","Poaceae",1.75858,0.45526
"Aegilops caudata","Poaceae",2.06596,0.58462
"Aegilops cylindrica","Poaceae",2.13001,0.69066
"Aegilops geniculata","Poaceae",1.9407,0.72822
"Aegilops neglecta","Poaceae",1.89886,0.61385
"Aegilops triuncialis","Poaceae",1.96183,0.63746
"Aegopodium podagraria","Apiaceae",1.37788,0.31874
"Aethionema saxatile","Brassicaceae",1.61067,0.37419
"Aethusa cynapium","Apiaceae",1.78759,0.76598
"Agrimonia eupatoria","Rosaceae",1.69485,0.43842
"Agrostemma githago","Caryophyllaceae",2.12148,0.88991
"Agrostis canina","Poaceae",1.56112,0.33733
"Agrostis capillaris","Poaceae",1.80498,0.43132
"Agrostis castellana","Poaceae",1.60782,0.34848
"Agrostis gigantea","Poaceae",1.73271,0.52888
"Agrostis stolonifera","Poaceae",1.80321,0.44635
"Agrostis vinealis","Poaceae",1.71765,0.36476
"Aira caryophyllea","Poaceae",1.95739,0.42311
"Aira cupaniana","Poaceae",1.95045,0.46912
"Aira praecox","Poaceae",1.89683,0.39466
"Ajuga reptans","Lamiaceae",1.4655,0.28029
"Alcea biennis","Malvaceae",1.79835,0.685
"Alcea rosea","Malvaceae",1.89005,0.73636
"Alchemilla alpina","Rosaceae",1.2872,0.28451
"Alisma lanceolatum","Alismataceae",1.75262,0.33658
"Alisma plantago-aquatica","Alismataceae",1.72473,0.31082
"Alliaria petiolata","Brassicaceae",1.33661,0.25214
"Allium angulosum","Amaryllidaceae",2.01977,0.53452
"Allium sphaerocephalon","Amaryllidaceae",1.72375,0.42364
"Allium subhirsutum","Amaryllidaceae",1.35611,0.27775
"Alnus glutinosa","Betulaceae",1.36567,0.28979
"Alopecurus aequalis","Poaceae",1.78688,0.55703
"Alopecurus bulbosus","Poaceae",2.28671,0.51199
"Alopecurus geniculatus","Poaceae",2.22766,0.47856
"Alopecurus myosuroides","Poaceae",1.94638,0.77595
"Alopecurus pratensis","Poaceae",1.89198,0.50852
"Alopecurus vaginatus","Poaceae",1.93991,0.46452
"Althaea officinalis","Malvaceae",1.62671,0.46134
"Alyssoides utriculata","Brassicaceae",1.55835,0.30189
"Alyssum alyssoides","Brassicaceae",1.87463,0.51889
"Amaranthus blitum","Amaranthaceae",1.85282,0.81224
"Amaranthus graecizans","Amaranthaceae",2.15786,0.8481
"Anacamptis pyramidalis","Orchidaceae",1.73551,0.43512
"Anacyclus clavatus","Compositae",2.13997,0.82655
"Anagyris foetida","Fabaceae",1.46927,0.26889
"Anchusa officinalis","Boraginaceae",1.85853,0.65558
"Androsace villosa","Primulaceae",1.75279,0.34061
"Anemonastrum narcissiflorum","Ranunculaceae",1.44199,0.30015
"Angelica archangelica","Apiaceae",1.32338,0.41557
"Angelica sylvestris","Apiaceae",1.544625,0.359185
"Antennaria dioica","Compositae",1.557,0.31546
"Anthemis arvensis","Compositae",2.00096,0.79659
"Anthemis cotula","Compositae",2.06954,0.78368
"Anthoxanthum odoratum","Poaceae",1.78677,0.42508
"Anthriscus sylvestris","Apiaceae",1.54675,0.44668
"Anthyllis vulneraria","Fabaceae",1.73721,0.41387
"Aquilegia alpina","Ranunculaceae",1.3446,0.15909
"Aquilegia atrata","Ranunculaceae",1.33983,0.21315
"Aquilegia bertolonii","Ranunculaceae",1.27875,0.2561
"Aquilegia einseleana","Ranunculaceae",0.93839,0.19906
"Aquilegia vulgaris","Ranunculaceae",1.29264,0.20301
"Arabidopsis lyrata","Brassicaceae",1.16183,0.23
"Arabidopsis thaliana","Brassicaceae",1.9484,0.68176
"Arabis alpina","Brassicaceae",1.20913,0.28856
"Arabis hirsuta","Brassicaceae",1.5842,0.3596
"Arabis scabra","Brassicaceae",1.60601,0.45192
"Arbutus andrachne","Ericaceae",1.35919,0.17333
"Arbutus unedo","Ericaceae",1.30756,0.17456
"Arctium lappa","Compositae",1.49314,0.55537
"Arctium minus","Compositae",1.48508,0.56623
"Arenaria biflora","Caryophyllaceae",1.5818,0.23333
"Arenaria grandiflora","Caryophyllaceae",1.54567,0.34308
"Arenaria purpurascens","Caryophyllaceae",1.85176,0.31204
"Arenaria serpyllifolia","Caryophyllaceae",1.949895,0.582705
"Armeria maritima","Plumbaginaceae",1.88653,0.45279
"Arnica montana","Compositae",1.58018,0.33098
"Arrhenatherum elatius","Poaceae",1.79222,0.48335
"Artemisia absinthium","Compositae",1.74094,0.67201
"Artemisia annua","Compositae",1.92894,0.77152
"Artemisia arborescens","Compositae",1.45048,0.41887
"Artemisia campestris","Compositae",1.79012,0.45222
"Artemisia glacialis","Compositae",1.15742,0.27073
"Artemisia herba-alba","Compositae",1.76373,0.47105
"Artemisia maritima","Compositae",2.174005,0.475745
"Artemisia vulgaris","Compositae",1.62781,0.66978
"Asparagus acutifolius","Asparagaceae",1.32248,0.19673
"Asparagus albus","Asparagaceae",1.43804,0.35556
"Asparagus officinalis","Asparagaceae",1.61326,0.42277
"Asperula arvensis","Rubiaceae",2.12093,0.82018
"Asphodeline lutea","Asphodelaceae",1.75715,0.47117
"Aster alpinus","Compositae",1.63299,0.33634
"Aster amellus","Compositae",1.58062,0.37999
"Astragalus cicer","Fabaceae",1.71023,0.56252
"Astragalus glycyphyllos","Fabaceae",1.39387,0.22929
"Astragalus spruneri","Fabaceae",1.92842,0.496
"Astrodaucus littoralis","Apiaceae",1.77371,0.5525
"Atocion armeria","Caryophyllaceae",1.45119,0.33922
"Atocion rupestre","Caryophyllaceae",1.39619,0.266
"Atractylis cancellata","Compositae",1.83425,0.6
"Atriplex glabriuscula","Chenopodiaceae",2.01468,0.58471
"Atriplex laciniata","Chenopodiaceae",1.98519,0.54062
"Atriplex littoralis","Chenopodiaceae",1.99882,0.61584
"Atriplex patula","Chenopodiaceae",1.90779,0.79951
"Atriplex pedunculata","Chenopodiaceae",2.28948,0.46528
"Atriplex portulacoides","Chenopodiaceae",1.98212,0.48961
"Atriplex prostrata","Chenopodiaceae",1.81797,0.61035
"Atriplex sagittata","Chenopodiaceae",1.87269,0.8021
"Aurinia saxatilis","Brassicaceae",1.13994,0.31197
"Avena barbata","Poaceae",1.73585,0.66182
"Avena fatua","Poaceae",2.03985,0.84527
"Avena sterilis","Poaceae",1.8987,0.76998
"Avenella flexuosa","Poaceae",1.26162,0.19344
"Avenula pubescens","Poaceae",1.98094,0.48225
"Baldellia ranunculoides","Alismataceae",1.52254,0.22775
"Ballota nigra","Lamiaceae",1.51302,0.61049
"Barbarea vulgaris","Brassicaceae",1.56243,0.58332
"Bartsia alpina","Orobanchaceae",1.18018,0.24173
"Bassia scoparia","Chenopodiaceae",2.067,0.84194
"Beckmannia eruciformis","Poaceae",2.11,0.48206
"Bellardia trixago","Orobanchaceae",1.85583,0.65297
"Bellis annua","Compositae",1.81706,0.48429
"Bellis perennis","Compositae",2.20989,0.49581
"Berteroa incana","Brassicaceae",1.83487,0.61504
"Berula erecta","Apiaceae",1.71904,0.28991
"Beta vulgaris","Chenopodiaceae",1.61384,0.62915
"Betonica officinalis","Lamiaceae",1.56593,0.32881
"Betula nana","Betulaceae",1.48434,0.18141
"Betula pubescens","Betulaceae",1.251515,0.187265
"Bidens cernua","Compositae",1.80242,0.4815
"Bidens frondosa","Compositae",1.59767,0.50786
"Bidens tripartita","Compositae",1.75255,0.5793
"Biscutella laevigata","Brassicaceae",1.14676,0.3045
"Bistorta officinalis","Polygonaceae",1.57129,0.44023
"Bistorta vivipara","Polygonaceae",1.37578,0.26535
"Bituminaria bituminosa","Fabaceae",1.45836,0.37492
"Blackstonia perfoliata","Gentianaceae",1.65999,0.43796
"Bolboschoenus maritimus","Cyperaceae",1.92028,0.39714
"Brachypodium distachyon","Poaceae",1.65119,0.56671
"Brachypodium phoenicoides","Poaceae",1.47684,0.30571
"Brachypodium pinnatum","Poaceae",1.43665666666667,0.31405
"Brachypodium sylvaticum","Poaceae",1.43098,0.24269
"Brassica cretica","Brassicaceae",1.51428,0.53214
"Brassica montana","Brassicaceae",1.3864,0.6325
"Briza maxima","Poaceae",1.62505,0.42994
"Briza media","Poaceae",1.96549,0.46251
"Briza minor","Poaceae",1.73917,0.45378
"Bromus alopecuros","Poaceae",2.00904,0.71515
"Bromus arvensis","Poaceae",1.85522,0.6381
"Bromus commutatus","Poaceae",1.98873,0.56778
"Bromus hordeaceus","Poaceae",2.13166,0.54271
"Bromus japonicus","Poaceae",1.98055,0.61318
"Bromus racemosus","Poaceae",2.07358,0.51485
"Bromus scoparius","Poaceae",2.12644,0.66548
"Bromus secalinus","Poaceae",2.12451,0.85888
"Bromus squarrosus","Poaceae",1.89303,0.54339
"Bryonia cretica","Cucurbitaceae",1.483425,0.37111
"Bufonia paniculata","Caryophyllaceae",1.39664,0.40385
"Buglossoides arvensis","Boraginaceae",2.00689,0.78116
"Bunias orientalis","Brassicaceae",1.71501,0.65608
"Bunium bulbocastanum","Apiaceae",1.67125,0.42053
"Buphthalmum salicifolium","Compositae",1.30681,0.28172
"Bupleurum baldense","Apiaceae",1.81995,0.51391
"Bupleurum falcatum","Apiaceae",1.61873,0.37887
"Bupleurum fruticosum","Apiaceae",1.33363,0.24974
"Bupleurum rotundifolium","Apiaceae",1.82506,0.75538
"Bupleurum tenuissimum","Apiaceae",1.92815,0.44308
"Butomus umbellatus","Butomaceae",1.74103,0.27083
"Cakile maritima","Brassicaceae",2.03267,0.5572
"Calamagrostis arenaria","Poaceae",1.90055,0.42072
"Calamagrostis canescens","Poaceae",1.30607,0.24131
"Calendula arvensis","Compositae",2.00052,0.78765
"Calendula suffruticosa","Compositae",2.01547,0.455
"Calicotome villosa","Fabaceae",1.40538,0.29496
"Calla palustris","Araceae",1.28045,0.19974
"Calluna vulgaris","Ericaceae",1.4287,0.23973
"Caltha palustris","Ranunculaceae",1.5815,0.40617
"Calystegia sepium","Convolvulaceae",1.43228,0.44987
"Calystegia soldanella","Convolvulaceae",2.15196,0.42106
"Campanula alpina","Campanulaceae",1.37075,0.26778
"Campanula cochleariifolia","Campanulaceae",1.1239,0.25645
"Campanula glomerata","Campanulaceae",1.75181,0.42191
"Campanula latifolia","Campanulaceae",1.35026,0.19914
"Campanula pyramidalis","Campanulaceae",1.27266,0.23235
"Campanula rapunculoides","Campanulaceae",1.42895,0.30042
"Campanula rapunculus","Campanulaceae",1.58226,0.36528
"Campanula rotundifolia","Campanulaceae",1.52516,0.37124
"Campanula sarmatica","Campanulaceae",1.61678,0.42609
"Campanula scheuchzeri","Campanulaceae",1.14505,0.28048
"Campanula spatulata","Campanulaceae",1.47686,0.23383
"Campanula thyrsoides","Campanulaceae",1.60086,0.29214
"Campanula trachelium","Campanulaceae",1.31848,0.16139
"Campanula trichocalycina","Campanulaceae",1.31072,0.10365
"Campanula versicolor","Campanulaceae",0.85232,0.41154
"Capparis spinosa","Capparaceae",0.802695,0.34258
"Cardamine amara","Brassicaceae",1.44003,0.35153
"Cardamine hirsuta","Brassicaceae",1.51584,0.45571
"Cardamine impatiens","Brassicaceae",1.32585,0.20271
"Cardamine pratensis","Brassicaceae",1.62193666666667,0.322023333333333
"Carduus acanthoides","Compositae",1.78673,0.69501
"Carduus crispus","Compositae",1.4453,0.51887
"Carduus defloratus","Compositae",1.29706,0.29259
"Carduus nutans","Compositae",1.85248,0.56807
"Carduus tenuiflorus","Compositae",1.91676,0.73312
"Carex aquatilis","Cyperaceae",1.52261,0.20816
"Carex arenaria","Cyperaceae",1.65328,0.37606
"Carex atrata","Cyperaceae",1.45676,0.26404
"Carex bicolor","Cyperaceae",1.80949,0.19958
"Carex binervis","Cyperaceae",1.69588,0.37091
"Carex buxbaumii","Cyperaceae",1.77657,0.27907
"Carex canescens","Cyperaceae",1.31613,0.20762
"Carex capillaris","Cyperaceae",1.54371,0.25136
"Carex caryophyllea","Cyperaceae",1.88739,0.44908
"Carex curvula","Cyperaceae",1.52663,0.26525
"Carex depauperata","Cyperaceae",1.31137,0.14405
"Carex disticha","Cyperaceae",1.89671,0.44481
"Carex divulsa","Cyperaceae",1.41985,0.26298
"Carex echinata","Cyperaceae",1.49708,0.25833
"Carex elata","Cyperaceae",1.44487,0.24366
"Carex elongata","Cyperaceae",1.17777,0.24335
"Carex extensa","Cyperaceae",2.01049,0.44211
"Carex flacca","Cyperaceae",1.60091,0.34432
"Carex flava","Cyperaceae",1.79768,0.34557
"Carex hirta","Cyperaceae",1.89665,0.49368
"Carex hostiana","Cyperaceae",1.93181,0.2955
"Carex lachenalii","Cyperaceae",1.57643,0.2548
"Carex limosa","Cyperaceae",1.40127,0.1298
"Carex magellanica","Cyperaceae",1.32986,0.12091
"Carex maritima","Cyperaceae",1.88158,0.2578
"Carex microglochin","Cyperaceae",1.92386,0.19521
"Carex muricata","Cyperaceae",1.43767,0.2631
"Carex myosuroides","Cyperaceae",1.62249,0.26786
"Carex nigra","Cyperaceae",1.63101,0.35439
"Carex pallescens","Cyperaceae",1.788,0.42415
"Carex panicea","Cyperaceae",1.81747,0.37934
"Carex paniculata","Cyperaceae",1.40858,0.27943
"Carex pendula","Cyperaceae",1.39139,0.28167
"Carex pseudocyperus","Cyperaceae",1.37179,0.22409
"Carex pulicaris","Cyperaceae",1.847,0.3546
"Carex punctata","Cyperaceae",1.60044,0.39831
"Carex rariflora","Cyperaceae",1.45653,0.15113
"Carex remota","Cyperaceae",1.40771,0.27827
"Carex rostrata","Cyperaceae",1.43087,0.20946
"Carex saxatilis","Cyperaceae",1.67468,0.17727
"Carex sempervirens","Cyperaceae",1.47476,0.30869
"Carex simpliciuscula","Cyperaceae",1.7595,0.20881
"Carex spicata","Cyperaceae",1.73712,0.42807
"Carex strigosa","Cyperaceae",1.46924,0.28724
"Carex sylvatica","Cyperaceae",1.33807,0.17303
"Carlina vulgaris","Compositae",1.7296,0.43197
"Carpesium cernuum","Compositae",1.28464,0.11538
"Carpinus betulus","Corylaceae",1.32501,0.13806
"Carthamus lanatus","Compositae",1.86391,0.69074
"Castanea sativa","Fagaceae",1.30738,0.12232
"Catananche caerulea","Compositae",1.55473,0.28498
"Centaurea calcitrapa","Compositae",1.80114,0.74662
"Centaurea cyanus","Compositae",2.11778,0.88626
"Centaurea jacea","Compositae",1.98017,0.48199
"Centaurea nemoralis","Compositae",1.79888,0.45591
"Centaurea nervosa","Compositae",1.36848,0.3381
"Centaurea nigra","Compositae",2.00699,0.47654
"Centaurea raphanina","Compositae",1.57018,0.30561
"Centaurea scabiosa","Compositae",1.77843,0.46675
"Centaurea solstitialis","Compositae",1.93969,0.73507
"Centaurea spinosa","Compositae",1.66883,0.31139
"Centaurium erythraea","Gentianaceae",1.72223,0.42706
"Centaurium tenuiflorum","Gentianaceae",1.58152,0.51589
"Cephalanthera damasonium","Orchidaceae",1.29716,0.10968
"Cephalanthera longifolia","Orchidaceae",1.30475,0.11756
"Cerastium alpinum","Caryophyllaceae",1.52563,0.34541
"Cerastium arvense","Caryophyllaceae",1.78546,0.41736
"Cerastium brachypetalum","Caryophyllaceae",1.84215,0.48243
"Cerastium diffusum","Caryophyllaceae",2.13758,0.48123
"Cerastium fontanum","Caryophyllaceae",1.8006,0.49429
"Cerastium glomeratum","Caryophyllaceae",1.99939,0.63295
"Cerastium pumilum","Caryophyllaceae",1.98904,0.50456
"Cerastium semidecandrum","Caryophyllaceae",1.83687,0.43915
"Ceratocarpus arenarius","Chenopodiaceae",2.08368,0.46414
"Chaenorhinum minus","Plantaginaceae",1.76729,0.74236
"Chaerophyllum aureum","Apiaceae",1.41632,0.40955
"Chaerophyllum hirsutum","Apiaceae",1.32511,0.35091
"Chaerophyllum nodosum","Apiaceae",1.3859,0.22929
"Chamaemelum nobile","Compositae",2.28622,0.49125
"Chelidonium majus","Papaveraceae",1.37302,0.37984
"Chenopodium album","Chenopodiaceae",1.93909,0.81076
"Chenopodium ficifolium","Chenopodiaceae",1.9321,0.81121
"Chenopodium vulvaria","Chenopodiaceae",2.0009,0.84057
"Cherleria laricifolia","Caryophyllaceae",1.7118,0.30489
"Chrysopogon gryllus","Poaceae",1.83152,0.46652
"Cichorium intybus","Compositae",1.86308,0.63877
"Cichorium spinosum","Compositae",0.82488,0.34397
"Cicuta virosa","Apiaceae",1.51814,0.218
"Cionura erecta","Apocynaceae",1.8115,0.35652
"Circaea lutetiana","Onagraceae",1.36742,0.21964
"Cirsium arvense","Compositae",1.77442,0.60267
"Cirsium oleraceum","Compositae",1.49783,0.4342
"Cirsium vulgare","Compositae",1.73868,0.51951
"Cistus clusii","Cistaceae",1.60672,0.24051
"Cistus ladanifer","Cistaceae",1.41223,0.16903
"Cistus parviflorus","Cistaceae",1.64975,0.17467
"Cistus salviifolius","Cistaceae",1.37053,0.22019
"Clematis recta","Ranunculaceae",1.39655,0.23101
"Clematis vitalba","Ranunculaceae",1.32576,0.19896
"Cleonia lusitanica","Lamiaceae",1.88773,0.79524
"Clinopodium acinos","Lamiaceae",1.76103,0.44662
"Clinopodium menthifolium","Lamiaceae",1.32903,0.16215
"Clinopodium nepeta","Lamiaceae",1.49824,0.48852
"Clinopodium vulgare","Lamiaceae",1.41529,0.24005
"Cochlearia anglica","Brassicaceae",2.27859,0.50364
"Cochlearia danica","Brassicaceae",1.65685,0.48731
"Cochlearia officinalis","Brassicaceae",1.79118,0.48667
"Cochlearia pyrenaica","Brassicaceae",1.31265,0.35
"Coincya monensis","Brassicaceae",1.52093,0.44503
"Coincya tournefortii","Brassicaceae",1.94,0.47273
"Colutea arborescens","Fabaceae",1.28059,0.15609
"Comarum palustre","Rosaceae",1.42824,0.22142
"Conium maculatum","Apiaceae",1.59298,0.6326
"Convolvulus arvensis","Convolvulaceae",1.88846,0.67894
"Corallorhiza trifida","Orchidaceae",1.22425,0.10759
"Coriaria myrtifolia","Coriariaceae",1.34649,0.13533
"Coris monspeliensis","Primulaceae",1.61975,0.2726
"Cornus sanguinea","Cornaceae",1.33503,0.18576
"Coronilla coronata","Fabaceae",1.44299,0.23271
"Coronilla minima","Fabaceae",1.62159,0.35303
"Coronilla scorpioides","Fabaceae",1.77756,0.5868
"Coronilla valentina","Fabaceae",1.33178,0.30591
"Corrigiola litoralis","Caryophyllaceae",1.84923,0.78306
"Corylus avellana","Corylaceae",1.33709,0.15578
"Corynephorus canescens","Poaceae",1.9401,0.36556
"Crassula tillaea","Crassulaceae",2.0595,0.53937
"Crataegus monogyna","Rosaceae",1.33583,0.18308
"Crepis aurea","Compositae",1.42977,0.34975
"Crepis capillaris","Compositae",2.07309,0.51569
"Crepis dioscoridis","Compositae",1.37004,0.30769
"Crepis foetida","Compositae",1.83816,0.62291
"Crepis mollis","Compositae",1.96318,0.4894
"Crepis neglecta","Compositae",1.85944,0.57786
"Crepis paludosa","Compositae",1.5094,0.36996
"Crepis pyrenaica","Compositae",1.45953,0.3066
"Crepis sibirica","Compositae",1.38516,0.23182
"Crepis sibthorpiana","Compositae",1.77815,0.36061
"Crepis tybakiensis","Compositae",1.68914,0.62977
"Crepis vesicaria","Compositae",1.80405,0.54648
"Crithmum maritimum","Apiaceae",0.80101,0.31041
"Crucianella angustifolia","Rubiaceae",1.73127,0.45743
"Cruciata laevipes","Rubiaceae",1.52237,0.38054
"Cuscuta europaea","Convolvulaceae",1.29235,0.49109
"Cyclamen coum","Primulaceae",1.30103,0.1
"Cyclamen creticum","Primulaceae",1.38589,0.22355
"Cymbalaria muralis","Plantaginaceae",1.05451,0.33976
"Cynanchum acutum","Apocynaceae",1.69387,0.51941
"Cynodon dactylon","Poaceae",1.83257,0.63584
"Cynoglossum germanicum","Boraginaceae",1.33993,0.26269
"Cynoglossum officinale","Boraginaceae",1.39979,0.41416
"Cynosurus cristatus","Poaceae",2.2368,0.49749
"Cynosurus echinatus","Poaceae",1.66338,0.44292
"Cyperus capitatus","Cyperaceae",1.95481,0.41723
"Cyperus fuscus","Cyperaceae",1.79316,0.6576
"Cyperus michelianus","Cyperaceae",1.95374,0.78015
"Cytisus nigricans","Fabaceae",1.40639,0.22271
"Cytisus scoparius","Fabaceae",1.38287,0.22918
"Daboecia cantabrica","Ericaceae",1.36433,0.25
"Dactylis glomerata","Poaceae",1.63031,0.4288
"Dactylorhiza maculata","Orchidaceae",1.4348,0.260435
"Damasonium alisma","Alismataceae",1.94959,0.51111
"Danthonia decumbens","Poaceae",1.84537,0.40811
"Dasiphora fruticosa","Rosaceae",1.38042,0.25
"Dasypyrum villosum","Poaceae",1.94653,0.72124
"Daucus carota","Apiaceae",1.72102,0.53032
"Delphinium ajacis","Ranunculaceae",2.0015,0.80345
"Delphinium consolida","Ranunculaceae",1.99616,0.80939
"Deschampsia cespitosa","Poaceae",1.54925,0.37129
"Descurainia sophia","Brassicaceae",2.016,0.78962
"Dianthus arenarius","Caryophyllaceae",1.5271,0.17041
"Dianthus armeria","Caryophyllaceae",1.76493,0.42869
"Dianthus barbatus","Caryophyllaceae",1.48785,0.27551
"Dianthus carthusianorum","Caryophyllaceae",1.84633,0.43751
"Dianthus corymbosus","Caryophyllaceae",1.88685,0.52754
"Dianthus deltoides","Caryophyllaceae",2.09777,0.45921
"Dianthus furcatus","Caryophyllaceae",1.09259,0.266
"Dianthus giganteus","Caryophyllaceae",1.70797,0.40658
"Dianthus glacialis","Caryophyllaceae",1.5867,0.23684
"Dianthus gracilis","Caryophyllaceae",1.86476,0.5
"Dianthus gratianopolitanus","Caryophyllaceae",1.1975,0.32021
"Dianthus haematocalyx","Caryophyllaceae",2.04657,0.325
"Dianthus hyssopifolius","Caryophyllaceae",1.69337,0.37725
"Dianthus pinifolius","Caryophyllaceae",1.56417,0.3748
"Dianthus rupicola","Caryophyllaceae",1.06765,0.44872
"Dianthus superbus","Caryophyllaceae",1.65134,0.37429
"Dianthus sylvestris","Caryophyllaceae",1.49658,0.33866
"Digitalis grandiflora","Plantaginaceae",1.31624,0.18728
"Digitalis laevigata","Plantaginaceae",1.33343,0.14955
"Digitalis lanata","Plantaginaceae",1.48297,0.29332
"Digitalis lutea","Plantaginaceae",1.30761,0.14948
"Digitalis obscura","Plantaginaceae",1.40151,0.16721
"Digitalis purpurea","Plantaginaceae",1.35635,0.25957
"Digitalis viridiflora","Plantaginaceae",1.29142,0.12481
"Digitaria sanguinalis","Poaceae",2.01016,0.81056
"Dioscorea communis","Dioscoreaceae",1.30695,0.14404
"Diplotaxis tenuifolia","Brassicaceae",1.82887,0.71357
"Dipsacus laciniatus","Dipsacaceae",1.64958,0.54875
"Dipsacus pilosus","Dipsacaceae",1.33538,0.37105
"Draba aizoides","Brassicaceae",1.54809,0.28993
"Draba cretica","Brassicaceae",1.29496,0.34231
"Draba incana","Brassicaceae",1.75549,0.45952
"Draba verna","Brassicaceae",1.97627,0.54465
"Drosera rotundifolia","Droseraceae",1.36489,0.1308
"Dryas octopetala","Rosaceae",1.07147,0.274
"Drymocallis rupestris","Rosaceae",1.54087,0.37863
"Drypis spinosa","Caryophyllaceae",1.7478,0.62222
"Dysphania ambrosioides","Chenopodiaceae",1.8231,0.77722
"Ebenus cretica","Fabaceae",1.46754,0.46863
"Echinochloa crus-galli","Poaceae",1.84495,0.78038
"Echinops ritro","Compositae",1.8825,0.42779
"Echinops sphaerocephalus","Compositae",1.65082,0.57561
"Echium plantagineum","Boraginaceae",1.93336,0.77333
"Echium vulgare","Boraginaceae",1.81436,0.55499
"Elatine hexandra","Elatinaceae",1.71071,0.55556
"Elatine hydropiper","Elatinaceae",1.86186,0.66014
"Eleocharis acicularis","Cyperaceae",1.69833,0.471
"Eleocharis multicaulis","Cyperaceae",1.36357,0.1409
"Eleocharis ovata","Cyperaceae",1.86418,0.69094
"Eleocharis palustris","Cyperaceae",1.82936,0.3692
"Elymus athericus","Poaceae",1.51532,0.46507
"Elymus caninus","Poaceae",1.36548,0.32426
"Elymus panormitanus","Poaceae",1.35687,0.15938
"Elymus repens","Poaceae",1.76739,0.60386
"Empetrum nigrum","Ericaceae",1.30973,0.20489
"Epilobium alpestre","Onagraceae",1.13114,0.25128
"Epilobium hirsutum","Onagraceae",1.42624,0.41665
"Epilobium lanceolatum","Onagraceae",1.33947,0.17258
"Epilobium montanum","Onagraceae",1.28546,0.19349
"Epilobium obscurum","Onagraceae",1.66125,0.44094
"Epilobium palustre","Onagraceae",1.56688,0.34699
"Epilobium parviflorum","Onagraceae",1.65202,0.43049
"Epilobium roseum","Onagraceae",1.4473,0.47322
"Epilobium tetragonum","Onagraceae",1.71536,0.53898
"Epipactis atrorubens","Orchidaceae",1.26715,0.20327
"Epipactis helleborine","Orchidaceae",1.303235,0.11377
"Epipactis leptochila","Orchidaceae",1.30103,0.102
"Epipactis palustris","Orchidaceae",1.77173,0.30715
"Erica arborea","Ericaceae",1.30298,0.20061
"Erica ciliaris","Ericaceae",1.58371,0.29848
"Erica cinerea","Ericaceae",1.46747,0.2716
"Erica multiflora","Ericaceae",1.40855,0.23463
"Erica spiculifolia","Ericaceae",1.1232,0.25077
"Erica tetralix","Ericaceae",1.41809,0.22054
"Erica vagans","Ericaceae",1.41201,0.2602
"Eriophorum angustifolium","Cyperaceae",1.43363,0.19162
"Eriophorum gracile","Cyperaceae",1.43894,0.14
"Eriophorum latifolium","Cyperaceae",1.82944,0.26418
"Erodium cicutarium","Geraniaceae",1.99767,0.6716
"Erodium moschatum","Geraniaceae",2.32557,0.83407
"Erophaca baetica","Fabaceae",1.46632,0.25862
"Eryngium campestre","Apiaceae",1.85568,0.4861
"Eryngium maritimum","Apiaceae",2.03676,0.43009
"Erysimum cheiranthoides","Brassicaceae",1.84854,0.80508
"Erysimum pusillum","Brassicaceae",1.67544,0.41294
"Eupatorium cannabinum","Compositae",1.39554,0.35326
"Euphorbia amygdaloides","Euphorbiaceae",1.30512,0.12857
"Euphorbia dendroides","Euphorbiaceae",1.44304,0.3207
"Euphorbia helioscopia","Euphorbiaceae",2.04663,0.84714
"Euphorbia paralias","Euphorbiaceae",2.07513,0.42067
"Euphorbia peplis","Euphorbiaceae",2.15264,0.56144
"Euphorbia portlandica","Euphorbiaceae",1.63132,0.40575
"Euphorbia terracina","Euphorbiaceae",1.7163,0.41212
"Euphrasia nemorosa","Orobanchaceae",1.99019,0.47279
"Euphrasia tetraquetra","Orobanchaceae",2.20262,0.47561
"Falcaria vulgaris","Apiaceae",1.83344,0.55963
"Fallopia convolvulus","Polygonaceae",1.79567,0.73541
"Festuca alpina","Poaceae",0.90379,0.23276
"Festuca bromoides","Poaceae",2.1154,0.44085
"Festuca eskia","Poaceae",1.57474,0.32255
"Festuca fasciculata","Poaceae",1.89492,0.42066
"Festuca filiformis","Poaceae",1.66021,0.36103
"Festuca hystrix","Poaceae",1.5346,0.36021
"Festuca indigesta","Poaceae",1.72575,0.31701
"Festuca maritima","Poaceae",2.05041,0.70413
"Festuca myuros","Poaceae",2.00402,0.5324
"Festuca quadriflora","Poaceae",1.46904,0.277
"Festuca rothmaleri","Poaceae",2.06035,0.46716
"Festuca rupicola","Poaceae",1.77196,0.392
"Festuca scariosa","Poaceae",1.29796,0.22787
"Festuca trachyphylla","Poaceae",1.92126,0.42722
"Festuca valesiaca","Poaceae",1.80135,0.45284
"Festuca violacea","Poaceae",1.678905,0.306875
"Ficus carica","Moraceae",1.41706,0.343
"Filago pyramidata","Compositae",1.9621,0.73376
"Filipendula ulmaria","Rosaceae",1.54467,0.4255
"Filipendula vulgaris","Rosaceae",1.81919,0.44689
"Foeniculum vulgare","Apiaceae",1.61588,0.68749
"Fragaria vesca","Rosaceae",1.34075,0.18432
"Frangula alnus","Rhamnaceae",1.30333,0.17802
"Fraxinus angustifolia","Oleaceae",1.49067,0.29483
"Fraxinus excelsior","Oleaceae",1.36095,0.2004
"Fraxinus ornus","Oleaceae",1.30482,0.12345
"Fraxinus pennsylvanica","Oleaceae",1.52192,0.38696
"Fritillaria meleagris","Liliaceae",1.74057,0.47436
"Fritillaria orientalis","Liliaceae",1.38722,0.16875
"Fumaria capreolata","Papaveraceae",1.62793,0.65961
"Fumaria densiflora","Papaveraceae",2.05826,0.83404
"Fumaria muralis","Papaveraceae",2.06512,0.79022
"Fumaria officinalis","Papaveraceae",2.03177,0.83472
"Galatella linosyris","Compositae",1.79955,0.45301
"Galega officinalis","Fabaceae",1.45871,0.5457
"Galeopsis angustifolia","Lamiaceae",1.47535,0.48103
"Galeopsis tetrahit","Lamiaceae",1.47088,0.43689
"Galinsoga parviflora","Compositae",1.95424,0.82815
"Galium aparine","Rubiaceae",1.4267,0.45023
"Galium boreale","Rubiaceae",1.75714,0.41041
"Galium corsicum","Rubiaceae",1.34664,0.25432
"Galium mollugo","Rubiaceae",1.63482,0.41742
"Galium palustre","Rubiaceae",1.63021,0.35796
"Galium parisiense","Rubiaceae",1.84706,0.57803
"Galium rubioides","Rubiaceae",1.65874,0.44378
"Galium uliginosum","Rubiaceae",1.72711,0.44366
"Galium verum","Rubiaceae",1.94457666666667,0.490906666666667
"Gastridium ventricosum","Poaceae",1.64831,0.51738
"Gaudinia fragilis","Poaceae",2.11086,0.53738
"Genista anglica","Fabaceae",1.6499,0.36374
"Genista cinerea","Fabaceae",1.41349,0.24915
"Genista pilosa","Fabaceae",1.49676,0.29834
"Genista tinctoria","Fabaceae",1.538,0.30554
"Gentiana acaulis","Gentianaceae",1.38691,0.288235
"Gentiana nivalis","Gentianaceae",1.71166,0.2852
"Gentiana pneumonanthe","Gentianaceae",1.85111,0.36736
"Gentiana verna","Gentianaceae",1.61132,0.32573
"Gentianella amarella","Gentianaceae",2.005455,0.415225
"Gentianella anisodonta","Gentianaceae",0.90545,0.25929
"Geranium columbinum","Geraniaceae",1.7404,0.51136
"Geranium dissectum","Geraniaceae",1.96875,0.63749
"Geranium divaricatum","Geraniaceae",1.9057,0.69048
"Geranium lucidum","Geraniaceae",1.42605,0.35413
"Geranium molle","Geraniaceae",1.90491,0.59281
"Geranium pratense","Geraniaceae",1.71013,0.51128
"Geranium purpureum","Geraniaceae",1.42663,0.33024
"Geranium pusillum","Geraniaceae",2.03844,0.77966
"Geranium pyrenaicum","Geraniaceae",1.66169,0.57125
"Geranium robertianum","Geraniaceae",1.32299,0.21586
"Geranium rotundifolium","Geraniaceae",1.74067,0.62833
"Geranium sanguineum","Geraniaceae",1.48503,0.28613
"Geum montanum","Rosaceae",1.24751,0.27626
"Geum rivale","Rosaceae",1.48586,0.39493
"Geum urbanum","Rosaceae",1.36309,0.24559
"Gladiolus illyricus","Iridaceae",1.52405,0.46421
"Gladiolus italicus","Iridaceae",1.74204,0.60313
"Gladiolus palustris","Iridaceae",2.09724,0.43133
"Glaucium flavum","Papaveraceae",1.64461,0.57261
"Glebionis coronaria","Compositae",1.99307,0.83744
"Glebionis segetum","Compositae",2.09301,0.85161
"Globularia bisnagarica","Plantaginaceae",1.78285,0.41246
"Globularia cordifolia","Plantaginaceae",1.25586,0.29797
"Globularia nudicaulis","Plantaginaceae",1.10906,0.31041
"Glyceria fluitans","Poaceae",1.79254,0.37025
"Glyceria notata","Poaceae",1.63279,0.35048
"Gnaphalium uliginosum","Compositae",1.98086,0.7659
"Goodyera repens","Orchidaceae",1.33292,0.11174
"Gypsophila paniculata","Caryophyllaceae",1.84852,0.45282
"Hedera helix","Araliaceae",1.31254,0.14816
"Hedypnois rhagadioloides","Compositae",1.81809,0.6593
"Hedysarum caucasicum","Fabaceae",1.45548,0.29815
"Hedysarum hedysaroides","Fabaceae",1.615175,0.290985
"Helianthemum nummularium","Cistaceae",1.62523,0.39705
"Helianthemum oelandicum","Cistaceae",1.78910666666667,0.38338
"Helichrysum arenarium","Compositae",1.88211,0.39693
"Helichrysum italicum","Compositae",1.33501,0.41077
"Helichrysum orientale","Compositae",1.36509,0.31364
"Helichrysum stoechas","Compositae",1.4508,0.28765
"Helictochloa marginata","Poaceae",1.50297,0.31141
"Helictochloa pratensis","Poaceae",1.8567,0.46061
"Heliosperma alpestre","Caryophyllaceae",0.77729,0.20448
"Heliosperma pusillum","Caryophyllaceae",0.86281,0.23328
"Helminthotheca echioides","Compositae",1.79207,0.70508
"Helosciadium nodiflorum","Apiaceae",1.73801,0.33001
"Helosciadium repens","Apiaceae",1.97789,0.41111
"Heracleum sphondylium","Apiaceae",1.54846,0.41637
"Herminium monorchis","Orchidaceae",1.92689,0.45185
"Herniaria ciliolata","Caryophyllaceae",2.29263,0.37805
"Herniaria glabra","Caryophyllaceae",2.00922,0.53805
"Hibiscus trionum","Malvaceae",2.04081,0.82549
"Hieracium amplexicaule","Compositae",0.9278,0.20588
"Hieracium lachenalii","Compositae",1.36758,0.18451
"Hieracium murorum","Compositae",1.25041,0.13397
"Hieracium umbellatum","Compositae",1.51611,0.30438
"Hieracium villosum","Compositae",1.2421,0.28262
"Hippocrepis comosa","Fabaceae",1.60831,0.40001
"Hippocrepis unisiliquosa","Fabaceae",1.89634,0.60488
"Hippophae rhamnoides","Elaeagnaceae",1.27559,0.31692
"Hirschfeldia incana","Brassicaceae",1.94654,0.76749
"Holcus lanatus","Poaceae",1.90522,0.4744
"Homogyne alpina","Compositae",1.00306,0.18142
"Honckenya peploides","Caryophyllaceae",2.10824,0.5
"Hordelymus europaeus","Poaceae",1.30359,0.12626
"Hordeum bulbosum","Poaceae",1.85482,0.58983
"Hordeum marinum","Poaceae",1.947925,0.52843
"Hordeum murinum","Poaceae",1.92909,0.76713
"Hordeum secalinum","Poaceae",2.23118,0.51749
"Horminum pyrenaicum","Lamiaceae",0.9131,0.26279
"Hornungia petraea","Brassicaceae",1.80877,0.50634
"Hottonia palustris","Primulaceae",1.50713,0.24453
"Humulus lupulus","Cannabaceae",1.40954,0.34225
"Hyacinthoides non-scripta","Asparagaceae",1.32257,0.17548
"Hylotelephium telephium","Crassulaceae",1.30379,0.29177
"Hyoscyamus albus","Solanaceae",1.50282,0.79825
"Hyoscyamus niger","Solanaceae",1.88213,0.79651
"Hyoseris lucida","Compositae",1.10825,0.38636
"Hypecoum procumbens","Papaveraceae",1.57223,0.63684
"Hypericum androsaemum","Clusiaceae",1.3636,0.19044
"Hypericum barbatum","Clusiaceae",1.80498,0.36622
"Hypericum elodes","Clusiaceae",1.3767,0.15485
"Hypericum empetrifolium","Clusiaceae",1.43942,0.20071
"Hypericum hirsutum","Clusiaceae",1.33479,0.21216
"Hypericum humifusum","Clusiaceae",1.75468,0.56802
"Hypericum linarioides","Clusiaceae",1.69904,0.37658
"Hypericum montanum","Clusiaceae",1.33157,0.15788
"Hypericum perforatum","Clusiaceae",1.65181,0.41538
"Hypericum pulchrum","Clusiaceae",1.41765,0.23707
"Hypericum tetrapterum","Clusiaceae",1.58386,0.42227
"Hypericum undulatum","Clusiaceae",1.79721,0.38725
"Hypochaeris glabra","Compositae",1.99857,0.46825
"Hypochaeris radicata","Compositae",2.04965,0.46508
"Hypochaeris robertia","Compositae",1.40721,0.28821
"Hyssopus officinalis","Lamiaceae",1.78495,0.37888
"Iberis amara","Brassicaceae",1.71182,0.64
"Iberis saxatilis","Brassicaceae",1.63043,0.36478
"Illecebrum verticillatum","Caryophyllaceae",1.95328,0.64884
"Inula helenium","Compositae",1.40065,0.4596
"Isatis tinctoria","Brassicaceae",1.76031,0.55773
"Isolepis cernua","Cyperaceae",1.81816,0.46858
"Isolepis fluitans","Cyperaceae",1.35674,0.13721
"Isolepis setacea","Cyperaceae",1.8888,0.58058
"Jacobaea aquatica","Compositae",2.00519,0.49267
"Jacobaea erucifolia","Compositae",1.82657,0.49553
"Jacobaea incana","Compositae",1.73092,0.26868
"Jacobaea vulgaris","Compositae",1.85033,0.46867
"Jasione crispa","Campanulaceae",1.59171,0.31012
"Jasione heldreichii","Campanulaceae",1.8212,0.39
"Jasione laevis","Campanulaceae",1.67818,0.36933
"Jasione montana","Campanulaceae",1.75079,0.3493
"Juncus acutiflorus","Juncaceae",1.8543,0.43436
"Juncus acutus","Juncaceae",1.65078,0.34785
"Juncus articulatus","Juncaceae",1.90642,0.43122
"Juncus balticus","Juncaceae",1.73696,0.39231
"Juncus bufonius","Juncaceae",2.01796,0.64547
"Juncus bulbosus","Juncaceae",1.44568,0.22334
"Juncus castaneus","Juncaceae",1.65374,0.17805
"Juncus compressus","Juncaceae",2.0443,0.51054
"Juncus conglomeratus","Juncaceae",1.81698,0.46208
"Juncus effusus","Juncaceae",1.63395,0.41411
"Juncus filiformis","Juncaceae",1.60166,0.3472
"Juncus inflexus","Juncaceae",1.74859,0.4556
"Juncus maritimus","Juncaceae",1.98213,0.42459
"Juncus squarrosus","Juncaceae",1.55755,0.28314
"Juncus subnodulosus","Juncaceae",1.65282,0.32466
"Juncus triglumis","Juncaceae",1.66213,0.20087
"Jurinea humilis","Compositae",1.77769,0.3695
"Kalmia procumbens","Ericaceae",1.21692,0.28588
"Kickxia elatine","Plantaginaceae",1.93454,0.80387
"Kickxia spuria","Plantaginaceae",2.02171,0.82562
"Koeleria macrantha","Poaceae",1.89905,0.409843333333333
"Koeleria vallesiana","Poaceae",1.75582,0.40565
"Krascheninnikovia ceratoides","Chenopodiaceae",2.00116,0.47606
"Lactuca perennis","Compositae",1.4853,0.35005
"Lactuca saligna","Compositae",1.89608,0.61702
"Lactuca serriola","Compositae",1.78874,0.73026
"Lactuca virosa","Compositae",1.65087,0.67692
"Lagoecia cuminoides","Apiaceae",1.80341,0.48506
"Lagurus ovatus","Poaceae",1.58834,0.50532
"Lamarckia aurea","Poaceae",2.1347,0.71818
"Lamium album","Lamiaceae",1.44474,0.52396
"Lamium purpureum","Lamiaceae",1.84162,0.76483
"Lamyropsis cynaroides","Compositae",1.58444,0.3315
"Lapsana communis","Compositae",1.47514,0.47089
"Lathyrus annuus","Fabaceae",1.713,0.67385
"Lathyrus aphaca","Fabaceae",1.61524,0.47937
"Lathyrus hirsutus","Fabaceae",1.76441,0.59822
"Lathyrus inconspicuus","Fabaceae",1.67778,0.47826
"Lathyrus japonicus","Fabaceae",1.80173,0.47231
"Lathyrus linifolius","Fabaceae",1.40893,0.21451
"Lathyrus nissolia","Fabaceae",1.9173,0.52213
"Lathyrus ochrus","Fabaceae",1.8865,0.80385
"Lathyrus palustris","Fabaceae",1.7349,0.38123
"Lathyrus pratensis","Fabaceae",1.84675,0.48932
"Lathyrus sphaericus","Fabaceae",1.69504,0.48279
"Lathyrus sylvestris","Fabaceae",1.43703,0.31591
"Lavandula angustifolia","Lamiaceae",1.43808,0.28048
"Lavandula stoechas","Lamiaceae",1.36437,0.25222
"Leersia oryzoides","Poaceae",1.55716,0.45127
"Legousia hybrida","Campanulaceae",1.96609,0.78931
"Leontodon hispidus","Compositae",1.85509,0.45691
"Leontopodium nivale","Compositae",1.35991,0.28066
"Leonurus cardiaca","Lamiaceae",1.55514,0.59875
"Lepidium campestre","Brassicaceae",1.66659,0.57236
"Lepidium coronopus","Brassicaceae",2.35667,0.75107
"Lepidium didymum","Brassicaceae",2.03948,0.78657
"Lepidium draba","Brassicaceae",1.85024,0.72654
"Lepidotrichum uechtritzianum","Brassicaceae",1.75967,0.2913
"Leucanthemum vulgare","Compositae",1.93695,0.48089
"Leucojum aestivum","Amaryllidaceae",1.69769,0.40741
"Leymus arenarius","Poaceae",2.00277,0.45988
"Ligustrum vulgare","Oleaceae",1.2995,0.15469
"Lilium martagon","Liliaceae",1.27372,0.14252
"Limbarda crithmoides","Compositae",1.32137,0.39756
"Limonium humile","Plumbaginaceae",2.30103,0.51
"Limonium vulgare","Plumbaginaceae",2.20518,0.49723
"Limosella aquatica","Scrophulariaceae",1.94897,0.73984
"Linaria vulgaris","Plantaginaceae",1.70929,0.57145
"Linnaea borealis","Linnaeaceae",1.34634,0.13945
"Linum arboreum","Linaceae",1.18734,0.4
"Linum bienne","Linaceae",1.95815,0.53566
"Linum perenne","Linaceae",1.83939,0.4658
"Linum suffruticosum","Linaceae",1.58177,0.33812
"Lipandra polysperma","Chenopodiaceae",1.82775,0.77662
"Lithospermum officinale","Boraginaceae",1.4459,0.35191
"Logfia gallica","Compositae",1.90583,0.44675
"Logfia minima","Compositae",2.02533,0.38938
"Lolium giganteum","Poaceae",1.37793,0.28945
"Lolium multiflorum","Poaceae",1.93559,0.6731
"Lolium perenne","Poaceae",2.16326,0.55394
"Lolium rigidum","Poaceae",1.88993,0.74831
"Lolium temulentum","Poaceae",2.05439,0.84112
"Lomelosia argentea","Dipsacaceae",1.87909,0.46972
"Lonicera periclymenum","Caprifoliaceae",1.28522,0.15507
"Lonicera pyrenaica","Caprifoliaceae",0.98017,0.27705
"Lonicera xylosteum","Caprifoliaceae",1.30979,0.13498
"Lotus angustissimus","Fabaceae",1.99303,0.55848
"Lotus corniculatus","Fabaceae",1.89553,0.415956666666667
"Lotus dorycnium","Fabaceae",1.59258,0.33686
"Lotus edulis","Fabaceae",1.71881,0.63641
"Lotus pedunculatus","Fabaceae",1.9066,0.48542
"Lotus tenuis","Fabaceae",1.96697,0.50369
"Ludwigia palustris","Onagraceae",1.81926,0.55263
"Lunaria annua","Brassicaceae",1.32205,0.26543
"Lupinus angustifolius","Fabaceae",1.75658,0.55573
"Luzula campestris","Juncaceae",1.81985,0.42111
"Luzula forsteri","Juncaceae",1.30568,0.1179
"Luzula nivea","Juncaceae",1.26211,0.11335
"Luzula pilosa","Juncaceae",1.33436,0.1247
"Luzula spicata","Juncaceae",1.67658,0.29206
"Luzula sylvatica","Juncaceae",1.13186,0.1413
"Lycopus europaeus","Lamiaceae",1.50857,0.33882
"Lycopus exaltatus","Lamiaceae",1.67199,0.48358
"Lygeum spartum","Poaceae",1.4261,0.51695
"Lysimachia arvensis","Primulaceae",1.92919,0.75023
"Lysimachia maritima","Primulaceae",2.29013,0.49296
"Lysimachia punctata","Primulaceae",1.38147,0.25709
"Lysimachia tenella","Primulaceae",1.65422,0.31142
"Lysimachia vulgaris","Primulaceae",1.48712,0.33607
"Lythrum hyssopifolia","Lythraceae",1.88715,0.63635
"Lythrum portula","Lythraceae",1.81806,0.58459
"Lythrum salicaria","Lythraceae",1.59304,0.36952
"Macrochloa tenacissima","Poaceae",1.49026,0.34062
"Maianthemum bifolium","Asparagaceae",1.30162,0.12873
"Malus sylvestris","Rosaceae",1.32509,0.14713
"Malva arborea","Malvaceae",1.3127,0.6622
"Malva moschata","Malvaceae",2.02272,0.49984
"Malva multiflora","Malvaceae",1.97484,0.82377
"Malva neglecta","Malvaceae",2.04931,0.81677
"Malva sylvestris","Malvaceae",1.89172,0.79007
"Marcus-kochia littorea","Brassicaceae",2.06134,0.36585
"Marcus-kochia ramosissima","Brassicaceae",1.88255,0.3877
"Matricaria discoidea","Compositae",2.23861,0.75467
"Matthiola incana","Brassicaceae",0.85787,0.35364
"Medicago arabica","Fabaceae",2.03282,0.65494
"Medicago arborea","Fabaceae",1.10919,0.27692
"Medicago littoralis","Fabaceae",1.5972,0.50766
"Medicago lupulina","Fabaceae",1.94534,0.56055
"Medicago marina","Fabaceae",2.0264,0.40384
"Medicago minima","Fabaceae",1.96756,0.5758
"Medicago monspeliaca","Fabaceae",2.057,0.6589
"Medicago murex","Fabaceae",2.02836,0.67955
"Medicago orbicularis","Fabaceae",1.998,0.73698
"Medicago polymorpha","Fabaceae",1.98761,0.75297
"Medicago rigidula","Fabaceae",2.13789,0.69397
"Medicago scutellata","Fabaceae",2.16853,0.83784
"Medicago truncatula","Fabaceae",2.10526,0.75714
"Melampyrum pratense","Orobanchaceae",1.30392,0.13566
"Melica ciliata","Poaceae",1.56537,0.38239
"Melica nutans","Poaceae",1.29214,0.14074
"Melica uniflora","Poaceae",1.30342,0.1202
"Melilotus albus","Fabaceae",1.6797,0.66289
"Melilotus indicus","Fabaceae",1.85012,0.68667
"Melilotus infestus","Fabaceae",2.305,0.91364
"Melilotus officinalis","Fabaceae",1.73606,0.65088
"Melilotus sulcatus","Fabaceae",2.1132,0.77637
"Melissa officinalis","Lamiaceae",1.47934,0.36373
"Mentha aquatica","Lamiaceae",1.68217,0.33995
"Mentha longifolia","Lamiaceae",1.42746,0.48771
"Mentha pulegium","Lamiaceae",2.01065,0.49925
"Mentha suaveolens","Lamiaceae",1.72118,0.47602
"Mercurialis perennis","Euphorbiaceae",1.29468,0.1459
"Mibora minima","Poaceae",2.1799,0.42895
"Micranthes nivalis","Saxifragaceae",1.54516,0.255
"Micranthes stellaris","Saxifragaceae",1.49219,0.23781
"Milium effusum","Poaceae",1.31944,0.15442
"Misopates orontium","Plantaginaceae",1.82471,0.68413
"Moehringia trinervia","Caryophyllaceae",1.32714,0.17838
"Moenchia erecta","Caryophyllaceae",2.16134,0.44836
"Molinia caerulea","Poaceae",1.41563,0.24961
"Montia fontana","Montiaceae",1.615795,0.40955
"Muscari neglectum","Asparagaceae",1.75419,0.41884
"Myosotis alpestris","Boraginaceae",1.4496,0.28935
"Myosotis arvensis","Boraginaceae",1.95508,0.73051
"Myosotis discolor","Boraginaceae",1.93068,0.50096
"Myosotis ramosissima","Boraginaceae",1.67002,0.44835
"Myosotis scorpioides","Boraginaceae",1.70181,0.41866
"Myosotis sylvatica","Boraginaceae",1.27952,0.20956
"Myrica gale","Myricaceae",1.26738,0.14498
"Myricaria germanica","Tamaricaceae",1.60553,0.43509
"Myriophyllum alterniflorum","Haloragaceae",1.75569,0.31141
"Myrtus communis","Myrtaceae",1.33248,0.24378
"Najas marina","Hydrocharitaceae",1.60004,0.25426
"Narcissus pseudonarcissus","Amaryllidaceae",1.54443,0.3088
"Nardus stricta","Poaceae",1.64011,0.35948
"Narthecium ossifragum","Nartheciaceae",1.35671,0.14767
"Nasturtium microphyllum","Brassicaceae",1.74922,0.28159
"Nasturtium officinale","Brassicaceae",1.68486,0.2792
"Nigella arvensis","Ranunculaceae",1.89022,0.60078
"Nigella damascena","Ranunculaceae",1.80281,0.68339
"Noccaea alpestris","Brassicaceae",1.09594,0.28367
"Noccaea caerulescens","Brassicaceae",1.546085,0.384175
"Notobasis syriaca","Compositae",1.86604,0.8026
"Nuphar lutea","Nymphaeaceae",1.59632,0.27134
"Nymphaea alba","Nymphaeaceae",1.56513,0.27412
"Odontarrhena bertolonii","Brassicaceae",1.44892,0.31286
"Odontarrhena heldreichii","Brassicaceae",0.98349,0.25833
"Oenanthe aquatica","Apiaceae",1.71826,0.36884
"Oenanthe crocata","Apiaceae",1.5956,0.3409
"Oenanthe fistulosa","Apiaceae",2.03485,0.42466
"Oenanthe pimpinelloides","Apiaceae",1.38999,0.23886
"Oenothera biennis","Onagraceae",1.85562,0.563545
"Oenothera glazioviana","Onagraceae",1.66595,0.60638
"Oloptum miliaceum","Poaceae",1.49578,0.45283
"Omalotheca supina","Compositae",1.6937,0.24425
"Omalotheca sylvatica","Compositae",1.65534,0.42231
"Onobrychis alba","Fabaceae",1.93392,0.41078
"Onobrychis caput-galli","Fabaceae",1.94191,0.60852
"Onobrychis montana","Fabaceae",1.80737,0.38222
"Onobrychis viciifolia","Fabaceae",1.9133,0.4906
"Ononis natrix","Fabaceae",1.69867,0.39417
"Ononis reclinata","Fabaceae",1.73729,0.55451
"Ononis spinosa","Fabaceae",1.84208,0.48763
"Onopordum acanthium","Compositae",1.79799,0.77101
"Ophrys apifera","Orchidaceae",1.79371,0.46391
"Ophrys insectifera","Orchidaceae",1.57211,0.3864
"Orchis mascula","Orchidaceae",1.55173,0.31857
"Oreojuncus trifidus","Juncaceae",1.33549,0.27615
"Origanum microphyllum","Lamiaceae",1.58161,0.28857
"Origanum onites","Lamiaceae",1.41801,0.32154
"Origanum vulgare","Lamiaceae",1.51076,0.34896
"Orlaya grandiflora","Apiaceae",1.79354,0.49108
"Ornithopus compressus","Fabaceae",1.90404,0.47911
"Ornithopus perpusillus","Fabaceae",2.15757,0.42705
"Ornithopus pinnatus","Fabaceae",2.05363,0.43878
"Orobanche alba","Orobanchaceae",1.78702,0.41277
"Oxybasis glauca","Chenopodiaceae",2.01744,0.80353
"Oxybasis rubra","Chenopodiaceae",1.93721,0.76767
"Oxyria digyna","Polygonaceae",1.51182,0.30181
"Oxytropis campestris","Fabaceae",1.65438,0.315
"Oxytropis pilosa","Fabaceae",1.83576,0.46078
"Pallenis spinosa","Compositae",1.64192,0.61598
"Pancratium maritimum","Amaryllidaceae",1.75202,0.38799
"Papaver alpinum","Papaveraceae",1.379485,0.386145
"Papaver dubium","Papaveraceae",2.00127,0.76785
"Papaver rhoeas","Papaveraceae",1.9998,0.8207
"Parapholis filiformis","Poaceae",1.92541,0.42731
"Parapholis incurva","Poaceae",1.196,0.51011
"Parapholis strigosa","Poaceae",1.82686,0.49481
"Paris quadrifolia","Melanthiaceae",1.29304,0.15585
"Parnassia palustris","Parnassiaceae",1.50721,0.2787
"Pastinaca sativa","Apiaceae",1.83895,0.55876
"Pentanema ensifolium","Compositae",1.66561,0.36717
"Pentanema salicinum","Compositae",1.67704,0.37944
"Periploca graeca","Apocynaceae",1.48187,0.31644
"Persicaria hydropiper","Polygonaceae",1.76381,0.52962
"Persicaria lapathifolia","Polygonaceae",1.85998,0.76557
"Persicaria maculosa","Polygonaceae",1.88799,0.72487
"Persicaria minor","Polygonaceae",1.70295,0.56366
"Petromarula pinnata","Campanulaceae",1.37425,0.39559
"Petrosedum forsterianum","Crassulaceae",1.38724,0.27302
"Petrosedum rupestre","Crassulaceae",1.59513,0.3806
"Petrosedum sediforme","Crassulaceae",1.43105,0.37744
"Peucedanum officinale","Apiaceae",1.40621,0.229815
"Phagnalon saxatile","Compositae",1.38331,0.40448
"Phagnalon sordidum","Compositae",1.01204,0.331
"Phalaris arundinacea","Poaceae",1.58482,0.39327
"Phalaris coerulescens","Poaceae",1.52973,0.63534
"Phalaris minor","Poaceae",2.17416,0.79107
"Phalaris paradoxa","Poaceae",2.05357,0.85278
"Phillyrea angustifolia","Oleaceae",1.35729,0.21744
"Phillyrea latifolia","Oleaceae",1.31468,0.17749
"Phleum alpinum","Poaceae",1.62845,0.32325
"Phleum arenarium","Poaceae",1.76587,0.36647
"Phleum exaratum","Poaceae",2.06723,0.67778
"Phleum montanum","Poaceae",1.69033,0.37361
"Phleum phleoides","Poaceae",1.81616,0.44266
"Phleum pratense","Poaceae",1.9259,0.486805
"Phleum subulatum","Poaceae",1.61311,0.56343
"Phlomis cretica","Lamiaceae",1.78661,0.37414
"Phoenix theophrasti","Arecaceae",1.74861,0.29259
"Phragmites australis","Poaceae",1.59722,0.32877
"Physospermum cornubiense","Apiaceae",1.3177,0.12203
"Phyteuma hemisphaericum","Campanulaceae",1.46777,0.28508
"Phyteuma orbiculare","Campanulaceae",1.525515,0.38903
"Phyteuma sieberi","Campanulaceae",1.21006,0.25659
"Phyteuma spicatum","Campanulaceae",1.31717,0.16193
"Picnomon acarna","Compositae",1.71846,0.61818
"Picris hieracioides","Compositae",1.66453,0.52389
"Pilosella echioides","Compositae",1.85966,0.44624
"Pilosella officinarum","Compositae",1.79764,0.40701
"Pilosella peleteriana","Compositae",1.75343,0.36742
"Pilosella vahlii","Compositae",1.91136,0.3098
"Pimpinella major","Apiaceae",1.70274,0.42542
"Pimpinella saxifraga","Apiaceae",1.56744333333333,0.38362
"Pinguicula leptoceras","Lentibulariaceae",1.36412,0.19851
"Pinguicula lusitanica","Lentibulariaceae",1.46462,0.16667
"Plantago afra","Plantaginaceae",2.0205,0.67318
"Plantago albicans","Plantaginaceae",1.59682,0.5
"Plantago alpina","Plantaginaceae",1.83263,0.30832
"Plantago atrata","Plantaginaceae",1.83778,0.36166
"Plantago coronopus","Plantaginaceae",1.360365,0.435795
"Plantago crassifolia","Plantaginaceae",1.68816,0.3584
"Plantago lagopus","Plantaginaceae",1.81042,0.67261
"Plantago lanceolata","Plantaginaceae",2.05509,0.5113
"Plantago major","Plantaginaceae",2.00883,0.61738
"Plantago maritima","Plantaginaceae",2.17347,0.47625
"Plantago media","Plantaginaceae",1.975,0.48742
"Plantago sempervirens","Plantaginaceae",1.69667,0.52693
"Polemonium caeruleum","Polemoniaceae",1.4571,0.43375
"Polycarpon tetraphyllum","Caryophyllaceae",1.84673,0.68054
"Polycnemum arvense","Chenopodiaceae",1.75425,0.64269
"Polycnemum majus","Chenopodiaceae",2.1373,0.68293
"Polygala vulgaris","Polygalaceae",1.83041,0.44277
"Polygonum aviculare","Polygonaceae",2.08419,0.75048
"Polypogon monspeliensis","Poaceae",1.80904,0.45613
"Polypogon viridis","Poaceae",1.6453,0.41148
"Populus nigra","Salicaceae",1.57923,0.40968
"Populus tremula","Salicaceae",1.36125,0.177
"Portulaca oleracea","Portulacaceae",2.0591,0.82045
"Potamogeton alpinus","Potamogetonaceae",1.68841,0.32114
"Potamogeton polygonifolius","Potamogetonaceae",1.4413,0.17186
"Potentilla anglica","Rosaceae",1.85543,0.44809
"Potentilla aurea","Rosaceae",1.33353,0.30137
"Potentilla erecta","Rosaceae",1.58168,0.34892
"Potentilla grandiflora","Rosaceae",1.79068,0.32774
"Potentilla recta","Rosaceae",1.82158,0.4889
"Potentilla sterilis","Rosaceae",1.3634,0.17932
"Primula auricula","Primulaceae",1.19828,0.23842
"Primula elatior","Primulaceae",1.33487,0.2533
"Primula farinosa","Primulaceae",1.84521,0.23053
"Primula integrifolia","Primulaceae",1.49084,0.26941
"Primula matthioli","Primulaceae",1.1756,0.19048
"Primula minima","Primulaceae",1.51047,0.26362
"Primula scotica","Primulaceae",2.47207,0.49048
"Primula veris","Primulaceae",1.56589,0.33675
"Prunella vulgaris","Lamiaceae",1.87015,0.45097
"Prunus avium","Rosaceae",1.390715,0.255785
"Prunus serotina","Rosaceae",1.31072,0.18157
"Prunus spinosa","Rosaceae",1.33333,0.21501
"Pseudodictamnus acetabulosus","Lamiaceae",1.56826,0.25538
"Pseudoturritis turrita","Brassicaceae",1.29642,0.15186
"Ptilostemon casabonae","Compositae",1.37161,0.47174
"Ptilostemon chamaepeuce","Compositae",1.44912,0.46522
"Puccinellia distans","Poaceae",2.16909,0.51794
"Puccinellia fasciculata","Poaceae",2.24667,0.47391
"Puccinellia maritima","Poaceae",2.29571,0.51786
"Pulicaria dysenterica","Compositae",1.68415,0.47583
"Pulicaria vulgaris","Compositae",2.036,0.64399
"Pulsatilla alpina","Ranunculaceae",1.18325,0.27775
"Pulsatilla pratensis","Ranunculaceae",1.81698,0.3892
"Pulsatilla vernalis","Ranunculaceae",1.58268,0.2913
"Pulsatilla vulgaris","Ranunculaceae",1.8145,0.42784
"Pyracantha coccinea","Rosaceae",1.3063,0.13477
"Pyrola minor","Ericaceae",1.12504,0.14537
"Pyrola rotundifolia","Ericaceae",0.98866,0.16101
"Quercus cerris","Fagaceae",1.30448,0.11294
"Rabelera holostea","Caryophyllaceae",1.33458,0.149865
"Radiola linoides","Linaceae",1.92348,0.59822
"Ranunculus aquatilis","Ranunculaceae",1.74411,0.34346
"Ranunculus arvensis","Ranunculaceae",2.05499,0.83639
"Ranunculus bulbosus","Ranunculaceae",1.92327,0.46149
"Ranunculus creticus","Ranunculaceae",1.31319,0.5
"Ranunculus flammula","Ranunculaceae",1.80437,0.39604
"Ranunculus lateriflorus","Ranunculaceae",1.93269,0.43962
"Ranunculus lingua","Ranunculaceae",1.53521,0.20821
"Ranunculus montanus","Ranunculaceae",1.23901,0.27744
"Ranunculus neapolitanus","Ranunculaceae",1.57097,0.4013
"Ranunculus omiophyllus","Ranunculaceae",1.64887,0.26327
"Ranunculus ophioglossifolius","Ranunculaceae",1.99941,0.44325
"Ranunculus parviflorus","Ranunculaceae",1.94622,0.66607
"Ranunculus peltatus","Ranunculaceae",1.81166,0.30558
"Ranunculus repens","Ranunculaceae",1.80642,0.48641
"Ranunculus sardous","Ranunculaceae",2.11501,0.56509
"Ranunculus sceleratus","Ranunculaceae",1.87054,0.46356
"Ranunculus trichophyllus","Ranunculaceae",1.72833,0.31303
"Raphanus raphanistrum","Brassicaceae",2.0552,0.83946
"Reichardia picroides","Compositae",1.23078,0.46898
"Reseda alba","Resedaceae",1.58768,0.70556
"Reseda lutea","Resedaceae",1.74628,0.62097
"Reseda luteola","Resedaceae",1.66645,0.6744
"Rhamnus alaternus","Rhamnaceae",1.33342,0.20629
"Rhamnus cathartica","Rhamnaceae",1.32242,0.18935
"Rhinanthus alectorolophus","Orobanchaceae",2.0164,0.48974
"Rhinanthus glacialis","Orobanchaceae",1.70252,0.39673
"Rhinanthus minor","Orobanchaceae",2.1129,0.48757
"Rhodiola rosea","Crassulaceae",1.14991,0.24277
"Rhododendron ferrugineum","Ericaceae",1.02694,0.19322
"Rhododendron ponticum","Ericaceae",1.023225,0.192385
"Ribes petraeum","Grossulariaceae",0.95382,0.14495
"Romulea columnae","Iridaceae",1.94933,0.51566
"Rorippa amphibia","Brassicaceae",1.7462,0.32609
"Rorippa islandica","Brassicaceae",1.82498,0.61057
"Rorippa palustris","Brassicaceae",1.83662,0.66998
"Rosa canina","Rosaceae",1.34507,0.22498
"Rostraria cristata","Poaceae",1.68883,0.543075
"Rubia peregrina","Rubiaceae",1.32311,0.1718
"Rubus caesius","Rosaceae",1.40223,0.3452
"Sabulina stricta","Caryophyllaceae",1.47807,0.21905
"Sabulina tenuifolia","Caryophyllaceae",1.9232,0.5876
"Sagina apetala","Caryophyllaceae",2.12306,0.64594
"Sagina maritima","Caryophyllaceae",1.46454,0.4934
"Sagina nivalis","Caryophyllaceae",1.56634,0.26364
"Sagina nodosa","Caryophyllaceae",1.96404,0.46725
"Sagina procumbens","Caryophyllaceae",2.12267,0.59064
"Sagina saginoides","Caryophyllaceae",1.54692,0.28263
"Sagittaria sagittifolia","Alismataceae",1.68365,0.24373
"Salicornia europaea","Chenopodiaceae",2.25139,0.51586
"Salicornia perennis","Chenopodiaceae",2.12714,0.50498
"Salix caprea","Salicaceae",1.36818,0.27232
"Salix cinerea","Salicaceae",1.32993,0.24993
"Salix pentandra","Salicaceae",1.32734,0.21699
"Salix purpurea","Salicaceae",1.54803,0.411
"Salix repens","Salicaceae",1.50894,0.3023
"Salix viminalis","Salicaceae",1.59197,0.42533
"Salvia aethiopis","Lamiaceae",1.88368,0.58283
"Salvia fruticosa","Lamiaceae",1.5382,0.27739
"Salvia glutinosa","Lamiaceae",1.31503,0.15803
"Salvia nemorosa","Lamiaceae",1.87066,0.50971
"Salvia officinalis","Lamiaceae",1.50417,0.30121
"Salvia rosmarinus","Lamiaceae",1.41648,0.238
"Salvia sclarea","Lamiaceae",1.85114,0.575
"Salvia verbenaca","Lamiaceae",1.823,0.70827
"Salvia viridis","Lamiaceae",2.0299,0.61639
"Samolus valerandi","Primulaceae",1.62564,0.39775
"Sanguisorba officinalis","Rosaceae",1.9104,0.48622
"Sanicula europaea","Apiaceae",1.30929,0.12021
"Saponaria officinalis","Caryophyllaceae",1.56086,0.57093
"Sarcopoterium spinosum","Rosaceae",1.58996,0.28712
"Satureja pilosa","Lamiaceae",1.48624,0.3325
"Satureja spinosa","Lamiaceae",1.97265,0.38852
"Satureja thymbra","Lamiaceae",1.59383,0.24281
"Saxifraga aizoides","Saxifragaceae",1.30265,0.27233
"Saxifraga bulbifera","Saxifragaceae",1.73209,0.3871
"Saxifraga caesia","Saxifragaceae",1.15276,0.27748
"Saxifraga cespitosa","Saxifragaceae",1.59543,0.2775
"Saxifraga exarata","Saxifragaceae",1.36082,0.28634
"Saxifraga granulata","Saxifragaceae",1.90878,0.45761
"Saxifraga hirculus","Saxifragaceae",1.57226,0.1875
"Saxifraga hypnoides","Saxifragaceae",1.22791,0.41169
"Saxifraga marginata","Saxifragaceae",1.46428,0.278
"Saxifraga oppositifolia","Saxifragaceae",1.40026,0.27575
"Saxifraga petraea","Saxifragaceae",1.25497,0.15423
"Saxifraga rivularis","Saxifragaceae",1.68373,0.24762
"Saxifraga rosacea","Saxifragaceae",1.16722,0.42727
"Saxifraga rotundifolia","Saxifragaceae",1.11369,0.14443
"Saxifraga tridactylites","Saxifragaceae",1.7929,0.49072
"Scabiosa columbaria","Dipsacaceae",1.65796,0.465735
"Scabiosa lucida","Dipsacaceae",1.3052,0.33147
"Scabiosa ochroleuca","Dipsacaceae",1.80099,0.44747
"Scandix pecten-veneris","Apiaceae",2.01826,0.72356
"Schoenoplectus lacustris","Cyperaceae",1.80676,0.24845
"Schoenoplectus tabernaemontani","Cyperaceae",1.90475,0.34081
"Schoenoplectus triqueter","Cyperaceae",1.8072,0.294
"Schoenus nigricans","Cyperaceae",1.64515,0.28177
"Scirpoides holoschoenus","Cyperaceae",1.74192,0.38692
"Scirpus radicans","Cyperaceae",1.80829,0.43143
"Scirpus sylvaticus","Cyperaceae",1.63537,0.4823
"Scleranthus annuus","Caryophyllaceae",2.13596,0.624213333333333
"Scleranthus perennis","Caryophyllaceae",1.8662,0.40174
"Scolymus hispanicus","Compositae",1.71132,0.63605
"Scorzonera cana","Compositae",2.1147,0.46459
"Scorzonera humilis","Compositae",1.77878,0.34172
"Scorzonera laciniata","Compositae",2.0425,0.67637
"Scorzoneroides autumnalis","Compositae",2.17357,0.4963
"Scorzoneroides helvetica","Compositae",1.44879,0.28403
"Scorzoneroides pyrenaica","Compositae",1.611695,0.29037
"Scrophularia auriculata","Scrophulariaceae",1.4743,0.37961
"Scrophularia canina","Scrophulariaceae",1.45721,0.52573
"Scrophularia nodosa","Scrophulariaceae",1.34711,0.23653
"Scrophularia peregrina","Scrophulariaceae",1.74962,0.67615
"Scrophularia scorodonia","Scrophulariaceae",1.58218,0.34701
"Secale sylvestre","Poaceae",1.83011,0.41466
"Sedum acre","Crassulaceae",1.77233,0.42853
"Sedum album","Crassulaceae",1.54485,0.38628
"Sedum alpestre","Crassulaceae",1.60984,0.25218
"Sedum anglicum","Crassulaceae",1.73739,0.41551
"Sedum cepaea","Crassulaceae",1.30822,0.16083
"Sedum villosum","Crassulaceae",1.4311,0.24706
"Sempervivum arachnoideum","Crassulaceae",1.53077,0.3157
"Sempervivum vicentei","Crassulaceae",1.38595,0.3
"Senecio doronicum","Compositae",1.64936,0.33735
"Senecio inaequidens","Compositae",1.5951,0.49726
"Senecio squalidus","Compositae",1.69406,0.4358
"Senecio sylvaticus","Compositae",1.40503,0.36231
"Senecio viscosus","Compositae",1.65421,0.58123
"Senecio vulgaris","Compositae",1.84158,0.70188
"Seseli annuum","Apiaceae",1.87732,0.46386
"Seseli libanotis","Apiaceae",1.634,0.41517
"Seseli rigidum","Apiaceae",1.40072,0.29856
"Sesleria caerulea","Poaceae",1.22058,0.26866
"Sesleria insularis","Poaceae",1.29301,0.16466
"Sesleriella sphaerocephala","Poaceae",0.9847,0.2389
"Setaria pumila","Poaceae",1.95483,0.816
"Setaria verticillata","Poaceae",2.16412,0.85426
"Setaria viridis","Poaceae",1.98764,0.8049
"Sibbaldia procumbens","Rosaceae",1.64484,0.23417
"Sibthorpia europaea","Plantaginaceae",1.62005,0.36528
"Silaum silaus","Apiaceae",1.91066,0.43584
"Silene acaulis","Caryophyllaceae",1.43581,0.26938
"Silene bellidifolia","Caryophyllaceae",1.84976,0.79667
"Silene bupleuroides","Caryophyllaceae",1.8941,0.44559
"Silene chlorantha","Caryophyllaceae",2.0137,0.46346
"Silene ciliata","Caryophyllaceae",1.69053,0.32428
"Silene colorata","Caryophyllaceae",1.67864,0.44214
"Silene conica","Caryophyllaceae",1.98652,0.52272
"Silene cretica","Caryophyllaceae",1.75507,0.55488
"Silene dichotoma","Caryophyllaceae",1.79517,0.50727
"Silene dioica","Caryophyllaceae",1.34606,0.29646
"Silene flavescens","Caryophyllaceae",1.56661,0.3375
"Silene flos-cuculi","Caryophyllaceae",1.92324,0.49099
"Silene foetida","Caryophyllaceae",1.47039,0.32826
"Silene gallica","Caryophyllaceae",1.74861,0.59429
"Silene italica","Caryophyllaceae",1.37235,0.18694
"Silene latifolia","Caryophyllaceae",1.62276,0.61633
"Silene mellifera","Caryophyllaceae",1.26058,0.15
"Silene multicaulis","Caryophyllaceae",0.87993,0.24742
"Silene noctiflora","Caryophyllaceae",2.00401,0.84602
"Silene nocturna","Caryophyllaceae",1.6293,0.66667
"Silene nutans","Caryophyllaceae",1.45473,0.29837
"Silene otites","Caryophyllaceae",1.82157,0.4035
"Silene paradoxa","Caryophyllaceae",1.50599,0.29588
"Silene radicosa","Caryophyllaceae",1.79114,0.335
"Silene roemeri","Caryophyllaceae",1.71306,0.36212
"Silene saxatilis","Caryophyllaceae",1.85677,0.44762
"Silene sedoides","Caryophyllaceae",0.68861,0.29574
"Silene succulenta","Caryophyllaceae",1.69259,0.40242
"Silene uniflora","Caryophyllaceae",1.55838,0.43475
"Silene viridiflora","Caryophyllaceae",1.31934,0.12241
"Silene viscosa","Caryophyllaceae",1.68467,0.48525
"Silene vulgaris","Caryophyllaceae",1.53087,0.42918
"Siler montanum","Apiaceae",1.41645,0.27586
"Silphiodaucus hispidus","Apiaceae",1.51004,0.36
"Sisymbrium altissimum","Brassicaceae",1.9518,0.74116
"Sisymbrium austriacum","Brassicaceae",1.47488,0.51136
"Sisymbrium irio","Brassicaceae",1.99662,0.82097
"Sisymbrium officinale","Brassicaceae",1.90983,0.7507
"Sium latifolium","Apiaceae",1.69688,0.26
"Smyrnium olusatrum","Apiaceae",1.57944,0.55423
"Salsola soda","Chenopodiaceae",1.70369,0.50741
"Solanum dulcamara","Solanaceae",1.47499,0.36215
"Soldanella alpina","Primulaceae",1.09509,0.23522
"Solidago gigantea","Compositae",1.42543,0.436
"Solidago virgaurea","Compositae",1.27596,0.16697
"Sonchus arvensis","Compositae",1.85329,0.70484
"Sonchus asper","Compositae",1.79157,0.71983
"Sonchus oleraceus","Compositae",1.77374,0.72524
"Sonchus tenerrimus","Compositae",1.35616,0.63724
"Sorbus aucuparia","Rosaceae",1.25203,0.1457
"Sparganium erectum","Typhaceae",1.73574,0.26266
"Spartium junceum","Fabaceae",1.32516,0.26064
"Spergula arvensis","Caryophyllaceae",2.12637,0.84988
"Spergularia bocconei","Caryophyllaceae",1.52793,0.68529
"Spergularia marina","Caryophyllaceae",2.04395,0.50853
"Spergularia media","Caryophyllaceae",2.27615,0.50331
"Spergularia rubra","Caryophyllaceae",2.10331,0.72198
"Spergularia rupicola","Caryophyllaceae",0.94594,0.37297
"Spiranthes spiralis","Orchidaceae",1.76482,0.44576
"Sporobolus aculeatus","Poaceae",1.94809,0.615925
"Stachys alpina","Lamiaceae",1.36906,0.22129
"Stachys cretica","Lamiaceae",1.66424,0.50619
"Stachys palustris","Lamiaceae",1.64647,0.51536
"Stachys recta","Lamiaceae",1.64333,0.3802
"Stachys sylvatica","Lamiaceae",1.3586,0.26365
"Staehelina dubia","Compositae",1.53779,0.2341
"Stellaria alsine","Caryophyllaceae",1.68058,0.43032
"Stellaria apetala","Caryophyllaceae",1.40578,0.44174
"Stellaria graminea","Caryophyllaceae",2.00462,0.50825
"Stellaria media","Caryophyllaceae",1.7717,0.61373
"Stellaria neglecta","Caryophyllaceae",1.46999,0.47277
"Stellaria nemorum","Caryophyllaceae",1.30584,0.25318
"Stipellula capensis","Poaceae",1.85493,0.71852
"Suaeda altissima","Chenopodiaceae",2.10759,0.536
"Suaeda maritima","Chenopodiaceae",2.22123,0.51623
"Suaeda vera","Chenopodiaceae",1.57381,0.42711
"Succisa pratensis","Dipsacaceae",1.8149,0.39076
"Sulla coronaria","Fabaceae",1.76309,0.77228
"Sulla spinosissima","Fabaceae",1.47378,0.58621
"Symphytum officinale","Boraginaceae",1.52722,0.45081
"Syringa vulgaris","Oleaceae",1.39253,0.24551
"Taeniatherum caput-medusae","Poaceae",1.9403,0.59421
"Takhtajaniantha austriaca","Compositae",1.78975,0.37807
"Tanacetum parthenium","Compositae",1.36004,0.286415
"Tanacetum vulgare","Compositae",1.63402,0.58174
"Taraxacum stevenii","Compositae",1.71417,0.252
"Teesdalia nudicaulis","Brassicaceae",1.96065,0.47128
"Teucrium botrys","Lamiaceae",1.71947,0.48727
"Teucrium chamaedrys","Lamiaceae",1.53222,0.32767
"Teucrium divaricatum","Lamiaceae",1.47709,0.2298
"Teucrium massiliense","Lamiaceae",1.43884,0.37805
"Teucrium polium","Lamiaceae",1.70429,0.40447
"Teucrium scordium","Lamiaceae",1.80286,0.35199
"Teucrium scorodonia","Lamiaceae",1.32621,0.18419
"Thalictrum flavum","Ranunculaceae",1.64226,0.43933
"Thalictrum lucidum","Ranunculaceae",1.7552,0.48276
"Thalictrum simplex","Ranunculaceae",1.75975,0.4688
"Thapsia villosa","Apiaceae",1.42847,0.20913
"Thlaspi arvense","Brassicaceae",2.06062,0.85623
"Thymus pulegioides","Lamiaceae",1.921905,0.45174
"Thymus serpyllum","Lamiaceae",1.71575,0.37763
"Thymus vulgaris","Lamiaceae",1.4448,0.28734
"Tofieldia calyculata","Tofieldiaceae",1.17286,0.24556
"Tofieldia pusilla","Tofieldiaceae",1.70531,0.20895
"Tolpis barbata","Compositae",2.00287,0.34951
"Tordylium maximum","Apiaceae",1.77757,0.65741
"Torilis arvensis","Apiaceae",1.53577,0.47882
"Torilis japonica","Apiaceae",1.41924,0.35168
"Torilis leptophylla","Apiaceae",1.91263,0.66124
"Torilis nodosa","Apiaceae",1.84883,0.6675
"Torminalis glaberrima","Rosaceae",1.29836,0.10655
"Tragopogon dubius","Compositae",1.81915,0.55348
"Tragopogon porrifolius","Compositae",1.84274,0.61807
"Tragopogon pratensis","Compositae",2.09272,0.50194
"Tragus racemosus","Poaceae",2.08474,0.70545
"Trapa natans","Lythraceae",1.56297,0.28429
"Trifolium alpestre","Fabaceae",1.53344,0.33221
"Trifolium alpinum","Fabaceae",1.79046,0.30301
"Trifolium angustifolium","Fabaceae",1.77026,0.55959
"Trifolium arvense","Fabaceae",1.96973,0.50691
"Trifolium aureum","Fabaceae",1.87452,0.48278
"Trifolium badium","Fabaceae",1.8131,0.33542
"Trifolium bocconei","Fabaceae",2.22464,0.51184
"Trifolium boissieri","Fabaceae",1.68441,0.45909
"Trifolium campestre","Fabaceae",1.9013,0.51518
"Trifolium cherleri","Fabaceae",2.02095,0.58916
"Trifolium dalmaticum","Fabaceae",2.08167,0.47596
"Trifolium diffusum","Fabaceae",1.67539,0.40606
"Trifolium dubium","Fabaceae",2.23767,0.50576
"Trifolium echinatum","Fabaceae",1.91954,0.74752
"Trifolium fragiferum","Fabaceae",2.23811,0.5119
"Trifolium glomeratum","Fabaceae",2.02108,0.55047
"Trifolium grandiflorum","Fabaceae",1.49027,0.35902
"Trifolium hirtum","Fabaceae",2.04777,0.645
"Trifolium hybridum","Fabaceae",1.97838,0.57087
"Trifolium lappaceum","Fabaceae",1.86991,0.6016
"Trifolium leucanthum","Fabaceae",1.89441,0.64811
"Trifolium medium","Fabaceae",1.62322,0.38625
"Trifolium micranthum","Fabaceae",2.27654,0.53266
"Trifolium nigrescens","Fabaceae",2.03798,0.68791
"Trifolium ochroleucon","Fabaceae",1.65217,0.37729
"Trifolium ornithopodioides","Fabaceae",2.39194,0.52973
"Trifolium pallescens","Fabaceae",1.62965,0.31423
"Trifolium pallidum","Fabaceae",2.08658,0.65345
"Trifolium physodes","Fabaceae",1.54614,0.32649
"Trifolium polyphyllum","Fabaceae",1.85387,0.2975
"Trifolium pratense","Fabaceae",2.0182,0.49187
"Trifolium purpureum","Fabaceae",1.85246,0.56818
"Trifolium repens","Fabaceae",2.14421,0.52325
"Trifolium resupinatum","Fabaceae",2.06884,0.61472
"Trifolium rubens","Fabaceae",1.52955,0.31811
"Trifolium scabrum","Fabaceae",1.81419,0.58995
"Trifolium squamosum","Fabaceae",2.17188,0.549145
"Trifolium stellatum","Fabaceae",1.82869,0.58988
"Trifolium striatum","Fabaceae",2.17215,0.53676
"Trifolium strictum","Fabaceae",1.97167,0.47324
"Trifolium subterraneum","Fabaceae",2.10603,0.62634
"Trifolium suffocatum","Fabaceae",2.07777,0.69686
"Trifolium sylvaticum","Fabaceae",1.79226,0.47091
"Trifolium thalii","Fabaceae",1.75513,0.34007
"Trifolium tomentosum","Fabaceae",1.99618,0.70782
"Triglochin maritima","Juncaginaceae",2.25933,0.48563
"Trigonella balansae","Fabaceae",1.2803,0.58696
"Trigonella gladiata","Fabaceae",2.09939,0.58696
"Triplachne nitens","Poaceae",1.21394,0.49583
"Tripolium pannonicum","Compositae",2.12521,0.48942
"Trisetum flavescens","Poaceae",2.09593,0.49224
"Trollius europaeus","Ranunculaceae",1.50624,0.39174
"Tuberaria guttata","Cistaceae",1.85493,0.37917
"Tulipa cretica","Liliaceae",1.75284,0.292
"Tulipa sylvestris","Liliaceae",1.66174,0.415285
"Turritis glabra","Brassicaceae",1.55182,0.36899
"Tussilago farfara","Compositae",1.6192,0.54614
"Typha angustifolia","Typhaceae",1.79869,0.26611
"Typha domingensis","Typhaceae",1.85218,0.25267
"Typha latifolia","Typhaceae",1.7567,0.27204
"Typha minima","Typhaceae",1.84601,0.30222
"Tyrimnus leucographus","Compositae",2.05638,0.74043
"Ulex europaeus","Fabaceae",1.4092,0.28624
"Ulex gallii","Fabaceae",1.44761,0.31232
"Ulex minor","Fabaceae",1.48855,0.3
"Ulmus glabra","Ulmaceae",1.32913,0.15976
"Ulmus minor","Ulmaceae",1.35706,0.21154
"Umbilicus rupestris","Crassulaceae",1.11714,0.33146
"Urospermum dalechampii","Compositae",1.5553,0.44951
"Urospermum picroides","Compositae",1.75953,0.57419
"Urtica dioica","Urticaceae",1.39281,0.39025
"Urtica urens","Urticaceae",1.96213,0.77697
"Vaccinium myrtillus","Ericaceae",1.18151,0.15898
"Valeriana dioica","Valerianaceae",1.66725,0.37149
"Valeriana officinalis","Valerianaceae",1.42815,0.3617
"Veratrum nigrum","Melanthiaceae",1.3653,0.19162
"Verbascum arcturus","Scrophulariaceae",1.55129,0.74
"Verbascum phlomoides","Scrophulariaceae",1.76679,0.54188
"Verbascum speciosum","Scrophulariaceae",1.60036,0.44451
"Verbena officinalis","Verbenaceae",1.78016,0.63415
"Veronica allionii","Plantaginaceae",1.99089,0.31363
"Veronica alpina","Plantaginaceae",1.678585,0.215785
"Veronica anagalloides","Plantaginaceae",1.92002,0.57132
"Veronica arvensis","Plantaginaceae",2.05577,0.63945
"Veronica beccabunga","Plantaginaceae",1.58637,0.39075
"Veronica catenata","Plantaginaceae",1.81399,0.40889
"Veronica chamaedrys","Plantaginaceae",1.61084,0.37493
"Veronica fruticans","Plantaginaceae",1.62261,0.31303
"Veronica gentianoides","Plantaginaceae",1.72421,0.33506
"Veronica longifolia","Plantaginaceae",1.68391,0.48585
"Veronica montana","Plantaginaceae",1.33076,0.17935
"Veronica officinalis","Plantaginaceae",1.41761,0.22248
"Veronica persica","Plantaginaceae",2.04042,0.83772
"Veronica polita","Plantaginaceae",2.06511,0.84111
"Veronica praecox","Plantaginaceae",1.89019,0.51238
"Veronica scutellata","Plantaginaceae",1.73747,0.36979
"Veronica serpyllifolia","Plantaginaceae",2.04581,0.50357
"Veronica spicata","Plantaginaceae",1.8064,0.42241
"Veronica triphyllos","Plantaginaceae",2.1195,0.79211
"Veronica urticifolia","Plantaginaceae",1.2461,0.11926
"Veronica verna","Plantaginaceae",2,0.50838
"Viburnum lantana","Viburnaceae",1.29526,0.13336
"Viburnum opulus","Viburnaceae",1.35946,0.18913
"Vicia bithynica","Fabaceae",1.56126,0.45767
"Vicia cassubica","Fabaceae",1.37638,0.18131
"Vicia cracca","Fabaceae",1.82407,0.4945
"Vicia cretica","Fabaceae",1.58051,0.27319
"Vicia disperma","Fabaceae",1.4866,0.35878
"Vicia hirsuta","Fabaceae",1.98453,0.66495
"Vicia hybrida","Fabaceae",1.64061,0.70797
"Vicia lathyroides","Fabaceae",1.70391,0.41742
"Vicia lutea","Fabaceae",1.91027,0.63273
"Vicia orobus","Fabaceae",1.67226,0.3746
"Vicia pannonica","Fabaceae",1.91732,0.68641
"Vicia peregrina","Fabaceae",2.00455,0.72823
"Vicia sativa","Fabaceae",1.96985,0.6245
"Vicia sepium","Fabaceae",1.48176,0.31368
"Vicia sylvatica","Fabaceae",1.35373,0.16801
"Vicia tenuifolia","Fabaceae",1.58857,0.37475
"Vicia tetrasperma","Fabaceae",1.96021,0.63588
"Vicia villosa","Fabaceae",1.82645,0.66892
"Vincetoxicum hirundinaria","Apocynaceae",1.42004,0.23787
"Viola arvensis","Violaceae",2.01535,0.80157
"Viola lutea","Violaceae",1.76306,0.4251
"Viola reichenbachiana","Violaceae",1.31393,0.13415
"Viola scorpiuroides","Violaceae",1.5064,0.36923
"Viola tricolor","Violaceae",1.73649,0.5054
"Viscaria vulgaris","Caryophyllaceae",1.47199,0.24516
"Vitex agnus-castus","Lamiaceae",1.63505,0.41888
"Vitis vinifera","Vitaceae",1.48985,0.38799
"Willemetia stipitata","Compositae",1.66501,0.3093
"Xeranthemum cylindraceum","Compositae",1.70708,0.48964
"Xeranthemum inapertum","Compositae",2.00516,0.63787
"Zygophyllum fabago","Zygophyllaceae",1.64098,0.44091
